Target,Target_Namespace,Target_Type,Target_Method,Job_Id,Job_AnalyzeLaunchVariance,Job_EvaluateOverhead,Job_MaxAbsoluteError,Job_MaxRelativeError,Job_MinInvokeCount,Job_MinIterationTime,Job_OutlierMode,Job_Affinity,Job_EnvironmentVariables,Job_Jit,Job_Platform,Job_PowerPlanMode,Job_Runtime,Job_AllowVeryLargeObjects,Job_Concurrent,Job_CpuGroups,Job_Force,Job_HeapAffinitizeMask,Job_HeapCount,Job_NoAffinitize,Job_RetainVm,Job_Server,Job_Arguments,Job_BuildConfiguration,Job_Clock,Job_EngineFactory,Job_NuGetReferences,Job_Toolchain,Job_IsMutator,Job_InvocationCount,Job_IterationCount,Job_IterationTime,Job_LaunchCount,Job_MaxIterationCount,Job_MaxWarmupIterationCount,Job_MinIterationCount,Job_MinWarmupIterationCount,Job_RunStrategy,Job_UnrollFactor,Job_WarmupCount,Job_Display,Params,Measurement_LaunchIndex,Measurement_IterationMode,Measurement_IterationStage,Measurement_IterationIndex,Measurement_Nanoseconds,Measurement_Operations,Measurement_Value
AwaitBenchmark.AwaitWhenAllWithThrottling,BenchmarkThrottling,AwaitBenchmark,AwaitWhenAllWithThrottling,DefaultJob,Default,Default,Default,Default,Default,Default,Default,Default,Default,Default,Default,Default,Default,Default,Default,Default,Default,Default,Default,Default,Default,Default,Default,Default,Default,Default,Default,Default,Default,Default,Default,Default,Default,Default,Default,Default,Default,Default,Default,Default,DefaultJob,,1,Overhead,Jitting,1,260900,1,260900
AwaitBenchmark.AwaitWhenAllWithThrottling,BenchmarkThrottling,AwaitBenchmark,AwaitWhenAllWithThrottling,DefaultJob,Default,Default,Default,Default,Default,Default,Default,Default,Default,Default,Default,Default,Default,Default,Default,Default,Default,Default,Default,Default,Default,Default,Default,Default,Default,Default,Default,Default,Default,Default,Default,Default,Default,Default,Default,Default,Default,Default,Default,Default,DefaultJob,,1,Workload,Jitting,1,100053412600,1,100053412600
AwaitBenchmark.AwaitWhenAllWithThrottling,BenchmarkThrottling,AwaitBenchmark,AwaitWhenAllWithThrottling,DefaultJob,Default,Default,Default,Default,Default,Default,Default,Default,Default,Default,Default,Default,Default,Default,Default,Default,Default,Default,Default,Default,Default,Default,Default,Default,Default,Default,Default,Default,Default,Default,Default,Default,Default,Default,Default,Default,Default,Default,Default,Default,DefaultJob,,1,Workload,Warmup,1,100018784000,1,100018784000
AwaitBenchmark.AwaitWhenAllWithThrottling,BenchmarkThrottling,AwaitBenchmark,AwaitWhenAllWithThrottling,DefaultJob,Default,Default,Default,Default,Default,Default,Default,Default,Default,Default,Default,Default,Default,Default,Default,Default,Default,Default,Default,Default,Default,Default,Default,Default,Default,Default,Default,Default,Default,Default,Default,Default,Default,Default,Default,Default,Default,Default,Default,Default,DefaultJob,,1,Workload,Warmup,2,100004421000,1,100004421000
AwaitBenchmark.AwaitWhenAllWithThrottling,BenchmarkThrottling,AwaitBenchmark,AwaitWhenAllWithThrottling,DefaultJob,Default,Default,Default,Default,Default,Default,Default,Default,Default,Default,Default,Default,Default,Default,Default,Default,Default,Default,Default,Default,Default,Default,Default,Default,Default,Default,Default,Default,Default,Default,Default,Default,Default,Default,Default,Default,Default,Default,Default,Default,DefaultJob,,1,Workload,Warmup,3,100009154400,1,100009154400
AwaitBenchmark.AwaitWhenAllWithThrottling,BenchmarkThrottling,AwaitBenchmark,AwaitWhenAllWithThrottling,DefaultJob,Default,Default,Default,Default,Default,Default,Default,Default,Default,Default,Default,Default,Default,Default,Default,Default,Default,Default,Default,Default,Default,Default,Default,Default,Default,Default,Default,Default,Default,Default,Default,Default,Default,Default,Default,Default,Default,Default,Default,Default,DefaultJob,,1,Workload,Warmup,4,100008098000,1,100008098000
AwaitBenchmark.AwaitWhenAllWithThrottling,BenchmarkThrottling,AwaitBenchmark,AwaitWhenAllWithThrottling,DefaultJob,Default,Default,Default,Default,Default,Default,Default,Default,Default,Default,Default,Default,Default,Default,Default,Default,Default,Default,Default,Default,Default,Default,Default,Default,Default,Default,Default,Default,Default,Default,Default,Default,Default,Default,Default,Default,Default,Default,Default,Default,DefaultJob,,1,Workload,Warmup,5,100018179700,1,100018179700
AwaitBenchmark.AwaitWhenAllWithThrottling,BenchmarkThrottling,AwaitBenchmark,AwaitWhenAllWithThrottling,DefaultJob,Default,Default,Default,Default,Default,Default,Default,Default,Default,Default,Default,Default,Default,Default,Default,Default,Default,Default,Default,Default,Default,Default,Default,Default,Default,Default,Default,Default,Default,Default,Default,Default,Default,Default,Default,Default,Default,Default,Default,Default,DefaultJob,,1,Workload,Warmup,6,100034825300,1,100034825300
AwaitBenchmark.AwaitWhenAllWithThrottling,BenchmarkThrottling,AwaitBenchmark,AwaitWhenAllWithThrottling,DefaultJob,Default,Default,Default,Default,Default,Default,Default,Default,Default,Default,Default,Default,Default,Default,Default,Default,Default,Default,Default,Default,Default,Default,Default,Default,Default,Default,Default,Default,Default,Default,Default,Default,Default,Default,Default,Default,Default,Default,Default,Default,DefaultJob,,1,Workload,Warmup,7,100006328900,1,100006328900
AwaitBenchmark.AwaitWhenAllWithThrottling,BenchmarkThrottling,AwaitBenchmark,AwaitWhenAllWithThrottling,DefaultJob,Default,Default,Default,Default,Default,Default,Default,Default,Default,Default,Default,Default,Default,Default,Default,Default,Default,Default,Default,Default,Default,Default,Default,Default,Default,Default,Default,Default,Default,Default,Default,Default,Default,Default,Default,Default,Default,Default,Default,Default,DefaultJob,,1,Workload,Actual,1,100121177200,1,100121177200
AwaitBenchmark.AwaitWhenAllWithThrottling,BenchmarkThrottling,AwaitBenchmark,AwaitWhenAllWithThrottling,DefaultJob,Default,Default,Default,Default,Default,Default,Default,Default,Default,Default,Default,Default,Default,Default,Default,Default,Default,Default,Default,Default,Default,Default,Default,Default,Default,Default,Default,Default,Default,Default,Default,Default,Default,Default,Default,Default,Default,Default,Default,Default,DefaultJob,,1,Workload,Actual,2,100132875600,1,100132875600
AwaitBenchmark.AwaitWhenAllWithThrottling,BenchmarkThrottling,AwaitBenchmark,AwaitWhenAllWithThrottling,DefaultJob,Default,Default,Default,Default,Default,Default,Default,Default,Default,Default,Default,Default,Default,Default,Default,Default,Default,Default,Default,Default,Default,Default,Default,Default,Default,Default,Default,Default,Default,Default,Default,Default,Default,Default,Default,Default,Default,Default,Default,Default,DefaultJob,,1,Workload,Actual,3,100083721100,1,100083721100
AwaitBenchmark.AwaitWhenAllWithThrottling,BenchmarkThrottling,AwaitBenchmark,AwaitWhenAllWithThrottling,DefaultJob,Default,Default,Default,Default,Default,Default,Default,Default,Default,Default,Default,Default,Default,Default,Default,Default,Default,Default,Default,Default,Default,Default,Default,Default,Default,Default,Default,Default,Default,Default,Default,Default,Default,Default,Default,Default,Default,Default,Default,Default,DefaultJob,,1,Workload,Actual,4,100070439100,1,100070439100
AwaitBenchmark.AwaitWhenAllWithThrottling,BenchmarkThrottling,AwaitBenchmark,AwaitWhenAllWithThrottling,DefaultJob,Default,Default,Default,Default,Default,Default,Default,Default,Default,Default,Default,Default,Default,Default,Default,Default,Default,Default,Default,Default,Default,Default,Default,Default,Default,Default,Default,Default,Default,Default,Default,Default,Default,Default,Default,Default,Default,Default,Default,Default,DefaultJob,,1,Workload,Actual,5,100092141600,1,100092141600
AwaitBenchmark.AwaitWhenAllWithThrottling,BenchmarkThrottling,AwaitBenchmark,AwaitWhenAllWithThrottling,DefaultJob,Default,Default,Default,Default,Default,Default,Default,Default,Default,Default,Default,Default,Default,Default,Default,Default,Default,Default,Default,Default,Default,Default,Default,Default,Default,Default,Default,Default,Default,Default,Default,Default,Default,Default,Default,Default,Default,Default,Default,Default,DefaultJob,,1,Workload,Actual,6,100072317000,1,100072317000
AwaitBenchmark.AwaitWhenAllWithThrottling,BenchmarkThrottling,AwaitBenchmark,AwaitWhenAllWithThrottling,DefaultJob,Default,Default,Default,Default,Default,Default,Default,Default,Default,Default,Default,Default,Default,Default,Default,Default,Default,Default,Default,Default,Default,Default,Default,Default,Default,Default,Default,Default,Default,Default,Default,Default,Default,Default,Default,Default,Default,Default,Default,Default,DefaultJob,,1,Workload,Actual,7,100101846200,1,100101846200
AwaitBenchmark.AwaitWhenAllWithThrottling,BenchmarkThrottling,AwaitBenchmark,AwaitWhenAllWithThrottling,DefaultJob,Default,Default,Default,Default,Default,Default,Default,Default,Default,Default,Default,Default,Default,Default,Default,Default,Default,Default,Default,Default,Default,Default,Default,Default,Default,Default,Default,Default,Default,Default,Default,Default,Default,Default,Default,Default,Default,Default,Default,Default,DefaultJob,,1,Workload,Actual,8,100083450800,1,100083450800
AwaitBenchmark.AwaitWhenAllWithThrottling,BenchmarkThrottling,AwaitBenchmark,AwaitWhenAllWithThrottling,DefaultJob,Default,Default,Default,Default,Default,Default,Default,Default,Default,Default,Default,Default,Default,Default,Default,Default,Default,Default,Default,Default,Default,Default,Default,Default,Default,Default,Default,Default,Default,Default,Default,Default,Default,Default,Default,Default,Default,Default,Default,Default,DefaultJob,,1,Workload,Actual,9,100045011600,1,100045011600
AwaitBenchmark.AwaitWhenAllWithThrottling,BenchmarkThrottling,AwaitBenchmark,AwaitWhenAllWithThrottling,DefaultJob,Default,Default,Default,Default,Default,Default,Default,Default,Default,Default,Default,Default,Default,Default,Default,Default,Default,Default,Default,Default,Default,Default,Default,Default,Default,Default,Default,Default,Default,Default,Default,Default,Default,Default,Default,Default,Default,Default,Default,Default,DefaultJob,,1,Workload,Actual,10,100006205000,1,100006205000
AwaitBenchmark.AwaitWhenAllWithThrottling,BenchmarkThrottling,AwaitBenchmark,AwaitWhenAllWithThrottling,DefaultJob,Default,Default,Default,Default,Default,Default,Default,Default,Default,Default,Default,Default,Default,Default,Default,Default,Default,Default,Default,Default,Default,Default,Default,Default,Default,Default,Default,Default,Default,Default,Default,Default,Default,Default,Default,Default,Default,Default,Default,Default,DefaultJob,,1,Workload,Actual,11,100005681600,1,100005681600
AwaitBenchmark.AwaitWhenAllWithThrottling,BenchmarkThrottling,AwaitBenchmark,AwaitWhenAllWithThrottling,DefaultJob,Default,Default,Default,Default,Default,Default,Default,Default,Default,Default,Default,Default,Default,Default,Default,Default,Default,Default,Default,Default,Default,Default,Default,Default,Default,Default,Default,Default,Default,Default,Default,Default,Default,Default,Default,Default,Default,Default,Default,Default,DefaultJob,,1,Workload,Actual,12,100008421100,1,100008421100
AwaitBenchmark.AwaitWhenAllWithThrottling,BenchmarkThrottling,AwaitBenchmark,AwaitWhenAllWithThrottling,DefaultJob,Default,Default,Default,Default,Default,Default,Default,Default,Default,Default,Default,Default,Default,Default,Default,Default,Default,Default,Default,Default,Default,Default,Default,Default,Default,Default,Default,Default,Default,Default,Default,Default,Default,Default,Default,Default,Default,Default,Default,Default,DefaultJob,,1,Workload,Actual,13,100057932700,1,100057932700
AwaitBenchmark.AwaitWhenAllWithThrottling,BenchmarkThrottling,AwaitBenchmark,AwaitWhenAllWithThrottling,DefaultJob,Default,Default,Default,Default,Default,Default,Default,Default,Default,Default,Default,Default,Default,Default,Default,Default,Default,Default,Default,Default,Default,Default,Default,Default,Default,Default,Default,Default,Default,Default,Default,Default,Default,Default,Default,Default,Default,Default,Default,Default,DefaultJob,,1,Workload,Actual,14,100099134400,1,100099134400
AwaitBenchmark.AwaitWhenAllWithThrottling,BenchmarkThrottling,AwaitBenchmark,AwaitWhenAllWithThrottling,DefaultJob,Default,Default,Default,Default,Default,Default,Default,Default,Default,Default,Default,Default,Default,Default,Default,Default,Default,Default,Default,Default,Default,Default,Default,Default,Default,Default,Default,Default,Default,Default,Default,Default,Default,Default,Default,Default,Default,Default,Default,Default,DefaultJob,,1,Workload,Actual,15,100050520500,1,100050520500
AwaitBenchmark.AwaitWhenAllWithThrottling,BenchmarkThrottling,AwaitBenchmark,AwaitWhenAllWithThrottling,DefaultJob,Default,Default,Default,Default,Default,Default,Default,Default,Default,Default,Default,Default,Default,Default,Default,Default,Default,Default,Default,Default,Default,Default,Default,Default,Default,Default,Default,Default,Default,Default,Default,Default,Default,Default,Default,Default,Default,Default,Default,Default,DefaultJob,,1,Workload,Result,1,100121177200,1,100121177200
AwaitBenchmark.AwaitWhenAllWithThrottling,BenchmarkThrottling,AwaitBenchmark,AwaitWhenAllWithThrottling,DefaultJob,Default,Default,Default,Default,Default,Default,Default,Default,Default,Default,Default,Default,Default,Default,Default,Default,Default,Default,Default,Default,Default,Default,Default,Default,Default,Default,Default,Default,Default,Default,Default,Default,Default,Default,Default,Default,Default,Default,Default,Default,DefaultJob,,1,Workload,Result,2,100132875600,1,100132875600
AwaitBenchmark.AwaitWhenAllWithThrottling,BenchmarkThrottling,AwaitBenchmark,AwaitWhenAllWithThrottling,DefaultJob,Default,Default,Default,Default,Default,Default,Default,Default,Default,Default,Default,Default,Default,Default,Default,Default,Default,Default,Default,Default,Default,Default,Default,Default,Default,Default,Default,Default,Default,Default,Default,Default,Default,Default,Default,Default,Default,Default,Default,Default,DefaultJob,,1,Workload,Result,3,100083721100,1,100083721100
AwaitBenchmark.AwaitWhenAllWithThrottling,BenchmarkThrottling,AwaitBenchmark,AwaitWhenAllWithThrottling,DefaultJob,Default,Default,Default,Default,Default,Default,Default,Default,Default,Default,Default,Default,Default,Default,Default,Default,Default,Default,Default,Default,Default,Default,Default,Default,Default,Default,Default,Default,Default,Default,Default,Default,Default,Default,Default,Default,Default,Default,Default,Default,DefaultJob,,1,Workload,Result,4,100070439100,1,100070439100
AwaitBenchmark.AwaitWhenAllWithThrottling,BenchmarkThrottling,AwaitBenchmark,AwaitWhenAllWithThrottling,DefaultJob,Default,Default,Default,Default,Default,Default,Default,Default,Default,Default,Default,Default,Default,Default,Default,Default,Default,Default,Default,Default,Default,Default,Default,Default,Default,Default,Default,Default,Default,Default,Default,Default,Default,Default,Default,Default,Default,Default,Default,Default,DefaultJob,,1,Workload,Result,5,100092141600,1,100092141600
AwaitBenchmark.AwaitWhenAllWithThrottling,BenchmarkThrottling,AwaitBenchmark,AwaitWhenAllWithThrottling,DefaultJob,Default,Default,Default,Default,Default,Default,Default,Default,Default,Default,Default,Default,Default,Default,Default,Default,Default,Default,Default,Default,Default,Default,Default,Default,Default,Default,Default,Default,Default,Default,Default,Default,Default,Default,Default,Default,Default,Default,Default,Default,DefaultJob,,1,Workload,Result,6,100072317000,1,100072317000
AwaitBenchmark.AwaitWhenAllWithThrottling,BenchmarkThrottling,AwaitBenchmark,AwaitWhenAllWithThrottling,DefaultJob,Default,Default,Default,Default,Default,Default,Default,Default,Default,Default,Default,Default,Default,Default,Default,Default,Default,Default,Default,Default,Default,Default,Default,Default,Default,Default,Default,Default,Default,Default,Default,Default,Default,Default,Default,Default,Default,Default,Default,Default,DefaultJob,,1,Workload,Result,7,100101846200,1,100101846200
AwaitBenchmark.AwaitWhenAllWithThrottling,BenchmarkThrottling,AwaitBenchmark,AwaitWhenAllWithThrottling,DefaultJob,Default,Default,Default,Default,Default,Default,Default,Default,Default,Default,Default,Default,Default,Default,Default,Default,Default,Default,Default,Default,Default,Default,Default,Default,Default,Default,Default,Default,Default,Default,Default,Default,Default,Default,Default,Default,Default,Default,Default,Default,DefaultJob,,1,Workload,Result,8,100083450800,1,100083450800
AwaitBenchmark.AwaitWhenAllWithThrottling,BenchmarkThrottling,AwaitBenchmark,AwaitWhenAllWithThrottling,DefaultJob,Default,Default,Default,Default,Default,Default,Default,Default,Default,Default,Default,Default,Default,Default,Default,Default,Default,Default,Default,Default,Default,Default,Default,Default,Default,Default,Default,Default,Default,Default,Default,Default,Default,Default,Default,Default,Default,Default,Default,Default,DefaultJob,,1,Workload,Result,9,100045011600,1,100045011600
AwaitBenchmark.AwaitWhenAllWithThrottling,BenchmarkThrottling,AwaitBenchmark,AwaitWhenAllWithThrottling,DefaultJob,Default,Default,Default,Default,Default,Default,Default,Default,Default,Default,Default,Default,Default,Default,Default,Default,Default,Default,Default,Default,Default,Default,Default,Default,Default,Default,Default,Default,Default,Default,Default,Default,Default,Default,Default,Default,Default,Default,Default,Default,DefaultJob,,1,Workload,Result,10,100006205000,1,100006205000
AwaitBenchmark.AwaitWhenAllWithThrottling,BenchmarkThrottling,AwaitBenchmark,AwaitWhenAllWithThrottling,DefaultJob,Default,Default,Default,Default,Default,Default,Default,Default,Default,Default,Default,Default,Default,Default,Default,Default,Default,Default,Default,Default,Default,Default,Default,Default,Default,Default,Default,Default,Default,Default,Default,Default,Default,Default,Default,Default,Default,Default,Default,Default,DefaultJob,,1,Workload,Result,11,100005681600,1,100005681600
AwaitBenchmark.AwaitWhenAllWithThrottling,BenchmarkThrottling,AwaitBenchmark,AwaitWhenAllWithThrottling,DefaultJob,Default,Default,Default,Default,Default,Default,Default,Default,Default,Default,Default,Default,Default,Default,Default,Default,Default,Default,Default,Default,Default,Default,Default,Default,Default,Default,Default,Default,Default,Default,Default,Default,Default,Default,Default,Default,Default,Default,Default,Default,DefaultJob,,1,Workload,Result,12,100008421100,1,100008421100
AwaitBenchmark.AwaitWhenAllWithThrottling,BenchmarkThrottling,AwaitBenchmark,AwaitWhenAllWithThrottling,DefaultJob,Default,Default,Default,Default,Default,Default,Default,Default,Default,Default,Default,Default,Default,Default,Default,Default,Default,Default,Default,Default,Default,Default,Default,Default,Default,Default,Default,Default,Default,Default,Default,Default,Default,Default,Default,Default,Default,Default,Default,Default,DefaultJob,,1,Workload,Result,13,100057932700,1,100057932700
AwaitBenchmark.AwaitWhenAllWithThrottling,BenchmarkThrottling,AwaitBenchmark,AwaitWhenAllWithThrottling,DefaultJob,Default,Default,Default,Default,Default,Default,Default,Default,Default,Default,Default,Default,Default,Default,Default,Default,Default,Default,Default,Default,Default,Default,Default,Default,Default,Default,Default,Default,Default,Default,Default,Default,Default,Default,Default,Default,Default,Default,Default,Default,DefaultJob,,1,Workload,Result,14,100099134400,1,100099134400
AwaitBenchmark.AwaitWhenAllWithThrottling,BenchmarkThrottling,AwaitBenchmark,AwaitWhenAllWithThrottling,DefaultJob,Default,Default,Default,Default,Default,Default,Default,Default,Default,Default,Default,Default,Default,Default,Default,Default,Default,Default,Default,Default,Default,Default,Default,Default,Default,Default,Default,Default,Default,Default,Default,Default,Default,Default,Default,Default,Default,Default,Default,Default,DefaultJob,,1,Workload,Result,15,100050520500,1,100050520500
AwaitBenchmark.AwaitWhenAnyWithThrottling,BenchmarkThrottling,AwaitBenchmark,AwaitWhenAnyWithThrottling,DefaultJob,Default,Default,Default,Default,Default,Default,Default,Default,Default,Default,Default,Default,Default,Default,Default,Default,Default,Default,Default,Default,Default,Default,Default,Default,Default,Default,Default,Default,Default,Default,Default,Default,Default,Default,Default,Default,Default,Default,Default,Default,DefaultJob,,1,Overhead,Jitting,1,244200,1,244200
AwaitBenchmark.AwaitWhenAnyWithThrottling,BenchmarkThrottling,AwaitBenchmark,AwaitWhenAnyWithThrottling,DefaultJob,Default,Default,Default,Default,Default,Default,Default,Default,Default,Default,Default,Default,Default,Default,Default,Default,Default,Default,Default,Default,Default,Default,Default,Default,Default,Default,Default,Default,Default,Default,Default,Default,Default,Default,Default,Default,Default,Default,Default,Default,DefaultJob,,1,Workload,Jitting,1,60116523500,1,60116523500
AwaitBenchmark.AwaitWhenAnyWithThrottling,BenchmarkThrottling,AwaitBenchmark,AwaitWhenAnyWithThrottling,DefaultJob,Default,Default,Default,Default,Default,Default,Default,Default,Default,Default,Default,Default,Default,Default,Default,Default,Default,Default,Default,Default,Default,Default,Default,Default,Default,Default,Default,Default,Default,Default,Default,Default,Default,Default,Default,Default,Default,Default,Default,Default,DefaultJob,,1,Workload,Warmup,1,60111901300,1,60111901300
AwaitBenchmark.AwaitWhenAnyWithThrottling,BenchmarkThrottling,AwaitBenchmark,AwaitWhenAnyWithThrottling,DefaultJob,Default,Default,Default,Default,Default,Default,Default,Default,Default,Default,Default,Default,Default,Default,Default,Default,Default,Default,Default,Default,Default,Default,Default,Default,Default,Default,Default,Default,Default,Default,Default,Default,Default,Default,Default,Default,Default,Default,Default,Default,DefaultJob,,1,Workload,Warmup,2,60119090300,1,60119090300
AwaitBenchmark.AwaitWhenAnyWithThrottling,BenchmarkThrottling,AwaitBenchmark,AwaitWhenAnyWithThrottling,DefaultJob,Default,Default,Default,Default,Default,Default,Default,Default,Default,Default,Default,Default,Default,Default,Default,Default,Default,Default,Default,Default,Default,Default,Default,Default,Default,Default,Default,Default,Default,Default,Default,Default,Default,Default,Default,Default,Default,Default,Default,Default,DefaultJob,,1,Workload,Warmup,3,60147475200,1,60147475200
AwaitBenchmark.AwaitWhenAnyWithThrottling,BenchmarkThrottling,AwaitBenchmark,AwaitWhenAnyWithThrottling,DefaultJob,Default,Default,Default,Default,Default,Default,Default,Default,Default,Default,Default,Default,Default,Default,Default,Default,Default,Default,Default,Default,Default,Default,Default,Default,Default,Default,Default,Default,Default,Default,Default,Default,Default,Default,Default,Default,Default,Default,Default,Default,DefaultJob,,1,Workload,Warmup,4,60126922900,1,60126922900
AwaitBenchmark.AwaitWhenAnyWithThrottling,BenchmarkThrottling,AwaitBenchmark,AwaitWhenAnyWithThrottling,DefaultJob,Default,Default,Default,Default,Default,Default,Default,Default,Default,Default,Default,Default,Default,Default,Default,Default,Default,Default,Default,Default,Default,Default,Default,Default,Default,Default,Default,Default,Default,Default,Default,Default,Default,Default,Default,Default,Default,Default,Default,Default,DefaultJob,,1,Workload,Warmup,5,60124443800,1,60124443800
AwaitBenchmark.AwaitWhenAnyWithThrottling,BenchmarkThrottling,AwaitBenchmark,AwaitWhenAnyWithThrottling,DefaultJob,Default,Default,Default,Default,Default,Default,Default,Default,Default,Default,Default,Default,Default,Default,Default,Default,Default,Default,Default,Default,Default,Default,Default,Default,Default,Default,Default,Default,Default,Default,Default,Default,Default,Default,Default,Default,Default,Default,Default,Default,DefaultJob,,1,Workload,Warmup,6,60145004600,1,60145004600
AwaitBenchmark.AwaitWhenAnyWithThrottling,BenchmarkThrottling,AwaitBenchmark,AwaitWhenAnyWithThrottling,DefaultJob,Default,Default,Default,Default,Default,Default,Default,Default,Default,Default,Default,Default,Default,Default,Default,Default,Default,Default,Default,Default,Default,Default,Default,Default,Default,Default,Default,Default,Default,Default,Default,Default,Default,Default,Default,Default,Default,Default,Default,Default,DefaultJob,,1,Workload,Warmup,7,60086540000,1,60086540000
AwaitBenchmark.AwaitWhenAnyWithThrottling,BenchmarkThrottling,AwaitBenchmark,AwaitWhenAnyWithThrottling,DefaultJob,Default,Default,Default,Default,Default,Default,Default,Default,Default,Default,Default,Default,Default,Default,Default,Default,Default,Default,Default,Default,Default,Default,Default,Default,Default,Default,Default,Default,Default,Default,Default,Default,Default,Default,Default,Default,Default,Default,Default,Default,DefaultJob,,1,Workload,Actual,1,60077890900,1,60077890900
AwaitBenchmark.AwaitWhenAnyWithThrottling,BenchmarkThrottling,AwaitBenchmark,AwaitWhenAnyWithThrottling,DefaultJob,Default,Default,Default,Default,Default,Default,Default,Default,Default,Default,Default,Default,Default,Default,Default,Default,Default,Default,Default,Default,Default,Default,Default,Default,Default,Default,Default,Default,Default,Default,Default,Default,Default,Default,Default,Default,Default,Default,Default,Default,DefaultJob,,1,Workload,Actual,2,60088495200,1,60088495200
AwaitBenchmark.AwaitWhenAnyWithThrottling,BenchmarkThrottling,AwaitBenchmark,AwaitWhenAnyWithThrottling,DefaultJob,Default,Default,Default,Default,Default,Default,Default,Default,Default,Default,Default,Default,Default,Default,Default,Default,Default,Default,Default,Default,Default,Default,Default,Default,Default,Default,Default,Default,Default,Default,Default,Default,Default,Default,Default,Default,Default,Default,Default,Default,DefaultJob,,1,Workload,Actual,3,60131851200,1,60131851200
AwaitBenchmark.AwaitWhenAnyWithThrottling,BenchmarkThrottling,AwaitBenchmark,AwaitWhenAnyWithThrottling,DefaultJob,Default,Default,Default,Default,Default,Default,Default,Default,Default,Default,Default,Default,Default,Default,Default,Default,Default,Default,Default,Default,Default,Default,Default,Default,Default,Default,Default,Default,Default,Default,Default,Default,Default,Default,Default,Default,Default,Default,Default,Default,DefaultJob,,1,Workload,Actual,4,60111635900,1,60111635900
AwaitBenchmark.AwaitWhenAnyWithThrottling,BenchmarkThrottling,AwaitBenchmark,AwaitWhenAnyWithThrottling,DefaultJob,Default,Default,Default,Default,Default,Default,Default,Default,Default,Default,Default,Default,Default,Default,Default,Default,Default,Default,Default,Default,Default,Default,Default,Default,Default,Default,Default,Default,Default,Default,Default,Default,Default,Default,Default,Default,Default,Default,Default,Default,DefaultJob,,1,Workload,Actual,5,60117333000,1,60117333000
AwaitBenchmark.AwaitWhenAnyWithThrottling,BenchmarkThrottling,AwaitBenchmark,AwaitWhenAnyWithThrottling,DefaultJob,Default,Default,Default,Default,Default,Default,Default,Default,Default,Default,Default,Default,Default,Default,Default,Default,Default,Default,Default,Default,Default,Default,Default,Default,Default,Default,Default,Default,Default,Default,Default,Default,Default,Default,Default,Default,Default,Default,Default,Default,DefaultJob,,1,Workload,Actual,6,60112272100,1,60112272100
AwaitBenchmark.AwaitWhenAnyWithThrottling,BenchmarkThrottling,AwaitBenchmark,AwaitWhenAnyWithThrottling,DefaultJob,Default,Default,Default,Default,Default,Default,Default,Default,Default,Default,Default,Default,Default,Default,Default,Default,Default,Default,Default,Default,Default,Default,Default,Default,Default,Default,Default,Default,Default,Default,Default,Default,Default,Default,Default,Default,Default,Default,Default,Default,DefaultJob,,1,Workload,Actual,7,60107871400,1,60107871400
AwaitBenchmark.AwaitWhenAnyWithThrottling,BenchmarkThrottling,AwaitBenchmark,AwaitWhenAnyWithThrottling,DefaultJob,Default,Default,Default,Default,Default,Default,Default,Default,Default,Default,Default,Default,Default,Default,Default,Default,Default,Default,Default,Default,Default,Default,Default,Default,Default,Default,Default,Default,Default,Default,Default,Default,Default,Default,Default,Default,Default,Default,Default,Default,DefaultJob,,1,Workload,Actual,8,60116455000,1,60116455000
AwaitBenchmark.AwaitWhenAnyWithThrottling,BenchmarkThrottling,AwaitBenchmark,AwaitWhenAnyWithThrottling,DefaultJob,Default,Default,Default,Default,Default,Default,Default,Default,Default,Default,Default,Default,Default,Default,Default,Default,Default,Default,Default,Default,Default,Default,Default,Default,Default,Default,Default,Default,Default,Default,Default,Default,Default,Default,Default,Default,Default,Default,Default,Default,DefaultJob,,1,Workload,Actual,9,60097902800,1,60097902800
AwaitBenchmark.AwaitWhenAnyWithThrottling,BenchmarkThrottling,AwaitBenchmark,AwaitWhenAnyWithThrottling,DefaultJob,Default,Default,Default,Default,Default,Default,Default,Default,Default,Default,Default,Default,Default,Default,Default,Default,Default,Default,Default,Default,Default,Default,Default,Default,Default,Default,Default,Default,Default,Default,Default,Default,Default,Default,Default,Default,Default,Default,Default,Default,DefaultJob,,1,Workload,Actual,10,60104113300,1,60104113300
AwaitBenchmark.AwaitWhenAnyWithThrottling,BenchmarkThrottling,AwaitBenchmark,AwaitWhenAnyWithThrottling,DefaultJob,Default,Default,Default,Default,Default,Default,Default,Default,Default,Default,Default,Default,Default,Default,Default,Default,Default,Default,Default,Default,Default,Default,Default,Default,Default,Default,Default,Default,Default,Default,Default,Default,Default,Default,Default,Default,Default,Default,Default,Default,DefaultJob,,1,Workload,Actual,11,60088551800,1,60088551800
AwaitBenchmark.AwaitWhenAnyWithThrottling,BenchmarkThrottling,AwaitBenchmark,AwaitWhenAnyWithThrottling,DefaultJob,Default,Default,Default,Default,Default,Default,Default,Default,Default,Default,Default,Default,Default,Default,Default,Default,Default,Default,Default,Default,Default,Default,Default,Default,Default,Default,Default,Default,Default,Default,Default,Default,Default,Default,Default,Default,Default,Default,Default,Default,DefaultJob,,1,Workload,Actual,12,60116671000,1,60116671000
AwaitBenchmark.AwaitWhenAnyWithThrottling,BenchmarkThrottling,AwaitBenchmark,AwaitWhenAnyWithThrottling,DefaultJob,Default,Default,Default,Default,Default,Default,Default,Default,Default,Default,Default,Default,Default,Default,Default,Default,Default,Default,Default,Default,Default,Default,Default,Default,Default,Default,Default,Default,Default,Default,Default,Default,Default,Default,Default,Default,Default,Default,Default,Default,DefaultJob,,1,Workload,Actual,13,60125265500,1,60125265500
AwaitBenchmark.AwaitWhenAnyWithThrottling,BenchmarkThrottling,AwaitBenchmark,AwaitWhenAnyWithThrottling,DefaultJob,Default,Default,Default,Default,Default,Default,Default,Default,Default,Default,Default,Default,Default,Default,Default,Default,Default,Default,Default,Default,Default,Default,Default,Default,Default,Default,Default,Default,Default,Default,Default,Default,Default,Default,Default,Default,Default,Default,Default,Default,DefaultJob,,1,Workload,Actual,14,60133036500,1,60133036500
AwaitBenchmark.AwaitWhenAnyWithThrottling,BenchmarkThrottling,AwaitBenchmark,AwaitWhenAnyWithThrottling,DefaultJob,Default,Default,Default,Default,Default,Default,Default,Default,Default,Default,Default,Default,Default,Default,Default,Default,Default,Default,Default,Default,Default,Default,Default,Default,Default,Default,Default,Default,Default,Default,Default,Default,Default,Default,Default,Default,Default,Default,Default,Default,DefaultJob,,1,Workload,Actual,15,60109881300,1,60109881300
AwaitBenchmark.AwaitWhenAnyWithThrottling,BenchmarkThrottling,AwaitBenchmark,AwaitWhenAnyWithThrottling,DefaultJob,Default,Default,Default,Default,Default,Default,Default,Default,Default,Default,Default,Default,Default,Default,Default,Default,Default,Default,Default,Default,Default,Default,Default,Default,Default,Default,Default,Default,Default,Default,Default,Default,Default,Default,Default,Default,Default,Default,Default,Default,DefaultJob,,1,Workload,Result,1,60077890900,1,60077890900
AwaitBenchmark.AwaitWhenAnyWithThrottling,BenchmarkThrottling,AwaitBenchmark,AwaitWhenAnyWithThrottling,DefaultJob,Default,Default,Default,Default,Default,Default,Default,Default,Default,Default,Default,Default,Default,Default,Default,Default,Default,Default,Default,Default,Default,Default,Default,Default,Default,Default,Default,Default,Default,Default,Default,Default,Default,Default,Default,Default,Default,Default,Default,Default,DefaultJob,,1,Workload,Result,2,60088495200,1,60088495200
AwaitBenchmark.AwaitWhenAnyWithThrottling,BenchmarkThrottling,AwaitBenchmark,AwaitWhenAnyWithThrottling,DefaultJob,Default,Default,Default,Default,Default,Default,Default,Default,Default,Default,Default,Default,Default,Default,Default,Default,Default,Default,Default,Default,Default,Default,Default,Default,Default,Default,Default,Default,Default,Default,Default,Default,Default,Default,Default,Default,Default,Default,Default,Default,DefaultJob,,1,Workload,Result,3,60131851200,1,60131851200
AwaitBenchmark.AwaitWhenAnyWithThrottling,BenchmarkThrottling,AwaitBenchmark,AwaitWhenAnyWithThrottling,DefaultJob,Default,Default,Default,Default,Default,Default,Default,Default,Default,Default,Default,Default,Default,Default,Default,Default,Default,Default,Default,Default,Default,Default,Default,Default,Default,Default,Default,Default,Default,Default,Default,Default,Default,Default,Default,Default,Default,Default,Default,Default,DefaultJob,,1,Workload,Result,4,60111635900,1,60111635900
AwaitBenchmark.AwaitWhenAnyWithThrottling,BenchmarkThrottling,AwaitBenchmark,AwaitWhenAnyWithThrottling,DefaultJob,Default,Default,Default,Default,Default,Default,Default,Default,Default,Default,Default,Default,Default,Default,Default,Default,Default,Default,Default,Default,Default,Default,Default,Default,Default,Default,Default,Default,Default,Default,Default,Default,Default,Default,Default,Default,Default,Default,Default,Default,DefaultJob,,1,Workload,Result,5,60117333000,1,60117333000
AwaitBenchmark.AwaitWhenAnyWithThrottling,BenchmarkThrottling,AwaitBenchmark,AwaitWhenAnyWithThrottling,DefaultJob,Default,Default,Default,Default,Default,Default,Default,Default,Default,Default,Default,Default,Default,Default,Default,Default,Default,Default,Default,Default,Default,Default,Default,Default,Default,Default,Default,Default,Default,Default,Default,Default,Default,Default,Default,Default,Default,Default,Default,Default,DefaultJob,,1,Workload,Result,6,60112272100,1,60112272100
AwaitBenchmark.AwaitWhenAnyWithThrottling,BenchmarkThrottling,AwaitBenchmark,AwaitWhenAnyWithThrottling,DefaultJob,Default,Default,Default,Default,Default,Default,Default,Default,Default,Default,Default,Default,Default,Default,Default,Default,Default,Default,Default,Default,Default,Default,Default,Default,Default,Default,Default,Default,Default,Default,Default,Default,Default,Default,Default,Default,Default,Default,Default,Default,DefaultJob,,1,Workload,Result,7,60107871400,1,60107871400
AwaitBenchmark.AwaitWhenAnyWithThrottling,BenchmarkThrottling,AwaitBenchmark,AwaitWhenAnyWithThrottling,DefaultJob,Default,Default,Default,Default,Default,Default,Default,Default,Default,Default,Default,Default,Default,Default,Default,Default,Default,Default,Default,Default,Default,Default,Default,Default,Default,Default,Default,Default,Default,Default,Default,Default,Default,Default,Default,Default,Default,Default,Default,Default,DefaultJob,,1,Workload,Result,8,60116455000,1,60116455000
AwaitBenchmark.AwaitWhenAnyWithThrottling,BenchmarkThrottling,AwaitBenchmark,AwaitWhenAnyWithThrottling,DefaultJob,Default,Default,Default,Default,Default,Default,Default,Default,Default,Default,Default,Default,Default,Default,Default,Default,Default,Default,Default,Default,Default,Default,Default,Default,Default,Default,Default,Default,Default,Default,Default,Default,Default,Default,Default,Default,Default,Default,Default,Default,DefaultJob,,1,Workload,Result,9,60097902800,1,60097902800
AwaitBenchmark.AwaitWhenAnyWithThrottling,BenchmarkThrottling,AwaitBenchmark,AwaitWhenAnyWithThrottling,DefaultJob,Default,Default,Default,Default,Default,Default,Default,Default,Default,Default,Default,Default,Default,Default,Default,Default,Default,Default,Default,Default,Default,Default,Default,Default,Default,Default,Default,Default,Default,Default,Default,Default,Default,Default,Default,Default,Default,Default,Default,Default,DefaultJob,,1,Workload,Result,10,60104113300,1,60104113300
AwaitBenchmark.AwaitWhenAnyWithThrottling,BenchmarkThrottling,AwaitBenchmark,AwaitWhenAnyWithThrottling,DefaultJob,Default,Default,Default,Default,Default,Default,Default,Default,Default,Default,Default,Default,Default,Default,Default,Default,Default,Default,Default,Default,Default,Default,Default,Default,Default,Default,Default,Default,Default,Default,Default,Default,Default,Default,Default,Default,Default,Default,Default,Default,DefaultJob,,1,Workload,Result,11,60088551800,1,60088551800
AwaitBenchmark.AwaitWhenAnyWithThrottling,BenchmarkThrottling,AwaitBenchmark,AwaitWhenAnyWithThrottling,DefaultJob,Default,Default,Default,Default,Default,Default,Default,Default,Default,Default,Default,Default,Default,Default,Default,Default,Default,Default,Default,Default,Default,Default,Default,Default,Default,Default,Default,Default,Default,Default,Default,Default,Default,Default,Default,Default,Default,Default,Default,Default,DefaultJob,,1,Workload,Result,12,60116671000,1,60116671000
AwaitBenchmark.AwaitWhenAnyWithThrottling,BenchmarkThrottling,AwaitBenchmark,AwaitWhenAnyWithThrottling,DefaultJob,Default,Default,Default,Default,Default,Default,Default,Default,Default,Default,Default,Default,Default,Default,Default,Default,Default,Default,Default,Default,Default,Default,Default,Default,Default,Default,Default,Default,Default,Default,Default,Default,Default,Default,Default,Default,Default,Default,Default,Default,DefaultJob,,1,Workload,Result,13,60125265500,1,60125265500
AwaitBenchmark.AwaitWhenAnyWithThrottling,BenchmarkThrottling,AwaitBenchmark,AwaitWhenAnyWithThrottling,DefaultJob,Default,Default,Default,Default,Default,Default,Default,Default,Default,Default,Default,Default,Default,Default,Default,Default,Default,Default,Default,Default,Default,Default,Default,Default,Default,Default,Default,Default,Default,Default,Default,Default,Default,Default,Default,Default,Default,Default,Default,Default,DefaultJob,,1,Workload,Result,14,60133036500,1,60133036500
AwaitBenchmark.AwaitWhenAnyWithThrottling,BenchmarkThrottling,AwaitBenchmark,AwaitWhenAnyWithThrottling,DefaultJob,Default,Default,Default,Default,Default,Default,Default,Default,Default,Default,Default,Default,Default,Default,Default,Default,Default,Default,Default,Default,Default,Default,Default,Default,Default,Default,Default,Default,Default,Default,Default,Default,Default,Default,Default,Default,Default,Default,Default,Default,DefaultJob,,1,Workload,Result,15,60109881300,1,60109881300
AwaitBenchmark.AwaitWhenAnyAndCompletedWithThrottling,BenchmarkThrottling,AwaitBenchmark,AwaitWhenAnyAndCompletedWithThrottling,DefaultJob,Default,Default,Default,Default,Default,Default,Default,Default,Default,Default,Default,Default,Default,Default,Default,Default,Default,Default,Default,Default,Default,Default,Default,Default,Default,Default,Default,Default,Default,Default,Default,Default,Default,Default,Default,Default,Default,Default,Default,Default,DefaultJob,,1,Overhead,Jitting,1,252700,1,252700
AwaitBenchmark.AwaitWhenAnyAndCompletedWithThrottling,BenchmarkThrottling,AwaitBenchmark,AwaitWhenAnyAndCompletedWithThrottling,DefaultJob,Default,Default,Default,Default,Default,Default,Default,Default,Default,Default,Default,Default,Default,Default,Default,Default,Default,Default,Default,Default,Default,Default,Default,Default,Default,Default,Default,Default,Default,Default,Default,Default,Default,Default,Default,Default,Default,Default,Default,Default,DefaultJob,,1,Workload,Jitting,1,60106277000,1,60106277000
AwaitBenchmark.AwaitWhenAnyAndCompletedWithThrottling,BenchmarkThrottling,AwaitBenchmark,AwaitWhenAnyAndCompletedWithThrottling,DefaultJob,Default,Default,Default,Default,Default,Default,Default,Default,Default,Default,Default,Default,Default,Default,Default,Default,Default,Default,Default,Default,Default,Default,Default,Default,Default,Default,Default,Default,Default,Default,Default,Default,Default,Default,Default,Default,Default,Default,Default,Default,DefaultJob,,1,Workload,Warmup,1,60117640800,1,60117640800
AwaitBenchmark.AwaitWhenAnyAndCompletedWithThrottling,BenchmarkThrottling,AwaitBenchmark,AwaitWhenAnyAndCompletedWithThrottling,DefaultJob,Default,Default,Default,Default,Default,Default,Default,Default,Default,Default,Default,Default,Default,Default,Default,Default,Default,Default,Default,Default,Default,Default,Default,Default,Default,Default,Default,Default,Default,Default,Default,Default,Default,Default,Default,Default,Default,Default,Default,Default,DefaultJob,,1,Workload,Warmup,2,60081993100,1,60081993100
AwaitBenchmark.AwaitWhenAnyAndCompletedWithThrottling,BenchmarkThrottling,AwaitBenchmark,AwaitWhenAnyAndCompletedWithThrottling,DefaultJob,Default,Default,Default,Default,Default,Default,Default,Default,Default,Default,Default,Default,Default,Default,Default,Default,Default,Default,Default,Default,Default,Default,Default,Default,Default,Default,Default,Default,Default,Default,Default,Default,Default,Default,Default,Default,Default,Default,Default,Default,DefaultJob,,1,Workload,Warmup,3,60093505100,1,60093505100
AwaitBenchmark.AwaitWhenAnyAndCompletedWithThrottling,BenchmarkThrottling,AwaitBenchmark,AwaitWhenAnyAndCompletedWithThrottling,DefaultJob,Default,Default,Default,Default,Default,Default,Default,Default,Default,Default,Default,Default,Default,Default,Default,Default,Default,Default,Default,Default,Default,Default,Default,Default,Default,Default,Default,Default,Default,Default,Default,Default,Default,Default,Default,Default,Default,Default,Default,Default,DefaultJob,,1,Workload,Warmup,4,60091731200,1,60091731200
AwaitBenchmark.AwaitWhenAnyAndCompletedWithThrottling,BenchmarkThrottling,AwaitBenchmark,AwaitWhenAnyAndCompletedWithThrottling,DefaultJob,Default,Default,Default,Default,Default,Default,Default,Default,Default,Default,Default,Default,Default,Default,Default,Default,Default,Default,Default,Default,Default,Default,Default,Default,Default,Default,Default,Default,Default,Default,Default,Default,Default,Default,Default,Default,Default,Default,Default,Default,DefaultJob,,1,Workload,Warmup,5,60113764500,1,60113764500
AwaitBenchmark.AwaitWhenAnyAndCompletedWithThrottling,BenchmarkThrottling,AwaitBenchmark,AwaitWhenAnyAndCompletedWithThrottling,DefaultJob,Default,Default,Default,Default,Default,Default,Default,Default,Default,Default,Default,Default,Default,Default,Default,Default,Default,Default,Default,Default,Default,Default,Default,Default,Default,Default,Default,Default,Default,Default,Default,Default,Default,Default,Default,Default,Default,Default,Default,Default,DefaultJob,,1,Workload,Warmup,6,60129036400,1,60129036400
AwaitBenchmark.AwaitWhenAnyAndCompletedWithThrottling,BenchmarkThrottling,AwaitBenchmark,AwaitWhenAnyAndCompletedWithThrottling,DefaultJob,Default,Default,Default,Default,Default,Default,Default,Default,Default,Default,Default,Default,Default,Default,Default,Default,Default,Default,Default,Default,Default,Default,Default,Default,Default,Default,Default,Default,Default,Default,Default,Default,Default,Default,Default,Default,Default,Default,Default,Default,DefaultJob,,1,Workload,Warmup,7,60120100300,1,60120100300
AwaitBenchmark.AwaitWhenAnyAndCompletedWithThrottling,BenchmarkThrottling,AwaitBenchmark,AwaitWhenAnyAndCompletedWithThrottling,DefaultJob,Default,Default,Default,Default,Default,Default,Default,Default,Default,Default,Default,Default,Default,Default,Default,Default,Default,Default,Default,Default,Default,Default,Default,Default,Default,Default,Default,Default,Default,Default,Default,Default,Default,Default,Default,Default,Default,Default,Default,Default,DefaultJob,,1,Workload,Actual,1,60115052400,1,60115052400
AwaitBenchmark.AwaitWhenAnyAndCompletedWithThrottling,BenchmarkThrottling,AwaitBenchmark,AwaitWhenAnyAndCompletedWithThrottling,DefaultJob,Default,Default,Default,Default,Default,Default,Default,Default,Default,Default,Default,Default,Default,Default,Default,Default,Default,Default,Default,Default,Default,Default,Default,Default,Default,Default,Default,Default,Default,Default,Default,Default,Default,Default,Default,Default,Default,Default,Default,Default,DefaultJob,,1,Workload,Actual,2,60106756100,1,60106756100
AwaitBenchmark.AwaitWhenAnyAndCompletedWithThrottling,BenchmarkThrottling,AwaitBenchmark,AwaitWhenAnyAndCompletedWithThrottling,DefaultJob,Default,Default,Default,Default,Default,Default,Default,Default,Default,Default,Default,Default,Default,Default,Default,Default,Default,Default,Default,Default,Default,Default,Default,Default,Default,Default,Default,Default,Default,Default,Default,Default,Default,Default,Default,Default,Default,Default,Default,Default,DefaultJob,,1,Workload,Actual,3,60100363300,1,60100363300
AwaitBenchmark.AwaitWhenAnyAndCompletedWithThrottling,BenchmarkThrottling,AwaitBenchmark,AwaitWhenAnyAndCompletedWithThrottling,DefaultJob,Default,Default,Default,Default,Default,Default,Default,Default,Default,Default,Default,Default,Default,Default,Default,Default,Default,Default,Default,Default,Default,Default,Default,Default,Default,Default,Default,Default,Default,Default,Default,Default,Default,Default,Default,Default,Default,Default,Default,Default,DefaultJob,,1,Workload,Actual,4,60110179500,1,60110179500
AwaitBenchmark.AwaitWhenAnyAndCompletedWithThrottling,BenchmarkThrottling,AwaitBenchmark,AwaitWhenAnyAndCompletedWithThrottling,DefaultJob,Default,Default,Default,Default,Default,Default,Default,Default,Default,Default,Default,Default,Default,Default,Default,Default,Default,Default,Default,Default,Default,Default,Default,Default,Default,Default,Default,Default,Default,Default,Default,Default,Default,Default,Default,Default,Default,Default,Default,Default,DefaultJob,,1,Workload,Actual,5,60091885000,1,60091885000
AwaitBenchmark.AwaitWhenAnyAndCompletedWithThrottling,BenchmarkThrottling,AwaitBenchmark,AwaitWhenAnyAndCompletedWithThrottling,DefaultJob,Default,Default,Default,Default,Default,Default,Default,Default,Default,Default,Default,Default,Default,Default,Default,Default,Default,Default,Default,Default,Default,Default,Default,Default,Default,Default,Default,Default,Default,Default,Default,Default,Default,Default,Default,Default,Default,Default,Default,Default,DefaultJob,,1,Workload,Actual,6,60101662000,1,60101662000
AwaitBenchmark.AwaitWhenAnyAndCompletedWithThrottling,BenchmarkThrottling,AwaitBenchmark,AwaitWhenAnyAndCompletedWithThrottling,DefaultJob,Default,Default,Default,Default,Default,Default,Default,Default,Default,Default,Default,Default,Default,Default,Default,Default,Default,Default,Default,Default,Default,Default,Default,Default,Default,Default,Default,Default,Default,Default,Default,Default,Default,Default,Default,Default,Default,Default,Default,Default,DefaultJob,,1,Workload,Actual,7,60120572800,1,60120572800
AwaitBenchmark.AwaitWhenAnyAndCompletedWithThrottling,BenchmarkThrottling,AwaitBenchmark,AwaitWhenAnyAndCompletedWithThrottling,DefaultJob,Default,Default,Default,Default,Default,Default,Default,Default,Default,Default,Default,Default,Default,Default,Default,Default,Default,Default,Default,Default,Default,Default,Default,Default,Default,Default,Default,Default,Default,Default,Default,Default,Default,Default,Default,Default,Default,Default,Default,Default,DefaultJob,,1,Workload,Actual,8,60087856100,1,60087856100
AwaitBenchmark.AwaitWhenAnyAndCompletedWithThrottling,BenchmarkThrottling,AwaitBenchmark,AwaitWhenAnyAndCompletedWithThrottling,DefaultJob,Default,Default,Default,Default,Default,Default,Default,Default,Default,Default,Default,Default,Default,Default,Default,Default,Default,Default,Default,Default,Default,Default,Default,Default,Default,Default,Default,Default,Default,Default,Default,Default,Default,Default,Default,Default,Default,Default,Default,Default,DefaultJob,,1,Workload,Actual,9,60105083700,1,60105083700
AwaitBenchmark.AwaitWhenAnyAndCompletedWithThrottling,BenchmarkThrottling,AwaitBenchmark,AwaitWhenAnyAndCompletedWithThrottling,DefaultJob,Default,Default,Default,Default,Default,Default,Default,Default,Default,Default,Default,Default,Default,Default,Default,Default,Default,Default,Default,Default,Default,Default,Default,Default,Default,Default,Default,Default,Default,Default,Default,Default,Default,Default,Default,Default,Default,Default,Default,Default,DefaultJob,,1,Workload,Actual,10,60106510900,1,60106510900
AwaitBenchmark.AwaitWhenAnyAndCompletedWithThrottling,BenchmarkThrottling,AwaitBenchmark,AwaitWhenAnyAndCompletedWithThrottling,DefaultJob,Default,Default,Default,Default,Default,Default,Default,Default,Default,Default,Default,Default,Default,Default,Default,Default,Default,Default,Default,Default,Default,Default,Default,Default,Default,Default,Default,Default,Default,Default,Default,Default,Default,Default,Default,Default,Default,Default,Default,Default,DefaultJob,,1,Workload,Actual,11,60086893000,1,60086893000
AwaitBenchmark.AwaitWhenAnyAndCompletedWithThrottling,BenchmarkThrottling,AwaitBenchmark,AwaitWhenAnyAndCompletedWithThrottling,DefaultJob,Default,Default,Default,Default,Default,Default,Default,Default,Default,Default,Default,Default,Default,Default,Default,Default,Default,Default,Default,Default,Default,Default,Default,Default,Default,Default,Default,Default,Default,Default,Default,Default,Default,Default,Default,Default,Default,Default,Default,Default,DefaultJob,,1,Workload,Actual,12,60101925100,1,60101925100
AwaitBenchmark.AwaitWhenAnyAndCompletedWithThrottling,BenchmarkThrottling,AwaitBenchmark,AwaitWhenAnyAndCompletedWithThrottling,DefaultJob,Default,Default,Default,Default,Default,Default,Default,Default,Default,Default,Default,Default,Default,Default,Default,Default,Default,Default,Default,Default,Default,Default,Default,Default,Default,Default,Default,Default,Default,Default,Default,Default,Default,Default,Default,Default,Default,Default,Default,Default,DefaultJob,,1,Workload,Actual,13,60092294700,1,60092294700
AwaitBenchmark.AwaitWhenAnyAndCompletedWithThrottling,BenchmarkThrottling,AwaitBenchmark,AwaitWhenAnyAndCompletedWithThrottling,DefaultJob,Default,Default,Default,Default,Default,Default,Default,Default,Default,Default,Default,Default,Default,Default,Default,Default,Default,Default,Default,Default,Default,Default,Default,Default,Default,Default,Default,Default,Default,Default,Default,Default,Default,Default,Default,Default,Default,Default,Default,Default,DefaultJob,,1,Workload,Actual,14,60123303800,1,60123303800
AwaitBenchmark.AwaitWhenAnyAndCompletedWithThrottling,BenchmarkThrottling,AwaitBenchmark,AwaitWhenAnyAndCompletedWithThrottling,DefaultJob,Default,Default,Default,Default,Default,Default,Default,Default,Default,Default,Default,Default,Default,Default,Default,Default,Default,Default,Default,Default,Default,Default,Default,Default,Default,Default,Default,Default,Default,Default,Default,Default,Default,Default,Default,Default,Default,Default,Default,Default,DefaultJob,,1,Workload,Actual,15,60081466900,1,60081466900
AwaitBenchmark.AwaitWhenAnyAndCompletedWithThrottling,BenchmarkThrottling,AwaitBenchmark,AwaitWhenAnyAndCompletedWithThrottling,DefaultJob,Default,Default,Default,Default,Default,Default,Default,Default,Default,Default,Default,Default,Default,Default,Default,Default,Default,Default,Default,Default,Default,Default,Default,Default,Default,Default,Default,Default,Default,Default,Default,Default,Default,Default,Default,Default,Default,Default,Default,Default,DefaultJob,,1,Workload,Result,1,60115052400,1,60115052400
AwaitBenchmark.AwaitWhenAnyAndCompletedWithThrottling,BenchmarkThrottling,AwaitBenchmark,AwaitWhenAnyAndCompletedWithThrottling,DefaultJob,Default,Default,Default,Default,Default,Default,Default,Default,Default,Default,Default,Default,Default,Default,Default,Default,Default,Default,Default,Default,Default,Default,Default,Default,Default,Default,Default,Default,Default,Default,Default,Default,Default,Default,Default,Default,Default,Default,Default,Default,DefaultJob,,1,Workload,Result,2,60106756100,1,60106756100
AwaitBenchmark.AwaitWhenAnyAndCompletedWithThrottling,BenchmarkThrottling,AwaitBenchmark,AwaitWhenAnyAndCompletedWithThrottling,DefaultJob,Default,Default,Default,Default,Default,Default,Default,Default,Default,Default,Default,Default,Default,Default,Default,Default,Default,Default,Default,Default,Default,Default,Default,Default,Default,Default,Default,Default,Default,Default,Default,Default,Default,Default,Default,Default,Default,Default,Default,Default,DefaultJob,,1,Workload,Result,3,60100363300,1,60100363300
AwaitBenchmark.AwaitWhenAnyAndCompletedWithThrottling,BenchmarkThrottling,AwaitBenchmark,AwaitWhenAnyAndCompletedWithThrottling,DefaultJob,Default,Default,Default,Default,Default,Default,Default,Default,Default,Default,Default,Default,Default,Default,Default,Default,Default,Default,Default,Default,Default,Default,Default,Default,Default,Default,Default,Default,Default,Default,Default,Default,Default,Default,Default,Default,Default,Default,Default,Default,DefaultJob,,1,Workload,Result,4,60110179500,1,60110179500
AwaitBenchmark.AwaitWhenAnyAndCompletedWithThrottling,BenchmarkThrottling,AwaitBenchmark,AwaitWhenAnyAndCompletedWithThrottling,DefaultJob,Default,Default,Default,Default,Default,Default,Default,Default,Default,Default,Default,Default,Default,Default,Default,Default,Default,Default,Default,Default,Default,Default,Default,Default,Default,Default,Default,Default,Default,Default,Default,Default,Default,Default,Default,Default,Default,Default,Default,Default,DefaultJob,,1,Workload,Result,5,60091885000,1,60091885000
AwaitBenchmark.AwaitWhenAnyAndCompletedWithThrottling,BenchmarkThrottling,AwaitBenchmark,AwaitWhenAnyAndCompletedWithThrottling,DefaultJob,Default,Default,Default,Default,Default,Default,Default,Default,Default,Default,Default,Default,Default,Default,Default,Default,Default,Default,Default,Default,Default,Default,Default,Default,Default,Default,Default,Default,Default,Default,Default,Default,Default,Default,Default,Default,Default,Default,Default,Default,DefaultJob,,1,Workload,Result,6,60101662000,1,60101662000
AwaitBenchmark.AwaitWhenAnyAndCompletedWithThrottling,BenchmarkThrottling,AwaitBenchmark,AwaitWhenAnyAndCompletedWithThrottling,DefaultJob,Default,Default,Default,Default,Default,Default,Default,Default,Default,Default,Default,Default,Default,Default,Default,Default,Default,Default,Default,Default,Default,Default,Default,Default,Default,Default,Default,Default,Default,Default,Default,Default,Default,Default,Default,Default,Default,Default,Default,Default,DefaultJob,,1,Workload,Result,7,60120572800,1,60120572800
AwaitBenchmark.AwaitWhenAnyAndCompletedWithThrottling,BenchmarkThrottling,AwaitBenchmark,AwaitWhenAnyAndCompletedWithThrottling,DefaultJob,Default,Default,Default,Default,Default,Default,Default,Default,Default,Default,Default,Default,Default,Default,Default,Default,Default,Default,Default,Default,Default,Default,Default,Default,Default,Default,Default,Default,Default,Default,Default,Default,Default,Default,Default,Default,Default,Default,Default,Default,DefaultJob,,1,Workload,Result,8,60087856100,1,60087856100
AwaitBenchmark.AwaitWhenAnyAndCompletedWithThrottling,BenchmarkThrottling,AwaitBenchmark,AwaitWhenAnyAndCompletedWithThrottling,DefaultJob,Default,Default,Default,Default,Default,Default,Default,Default,Default,Default,Default,Default,Default,Default,Default,Default,Default,Default,Default,Default,Default,Default,Default,Default,Default,Default,Default,Default,Default,Default,Default,Default,Default,Default,Default,Default,Default,Default,Default,Default,DefaultJob,,1,Workload,Result,9,60105083700,1,60105083700
AwaitBenchmark.AwaitWhenAnyAndCompletedWithThrottling,BenchmarkThrottling,AwaitBenchmark,AwaitWhenAnyAndCompletedWithThrottling,DefaultJob,Default,Default,Default,Default,Default,Default,Default,Default,Default,Default,Default,Default,Default,Default,Default,Default,Default,Default,Default,Default,Default,Default,Default,Default,Default,Default,Default,Default,Default,Default,Default,Default,Default,Default,Default,Default,Default,Default,Default,Default,DefaultJob,,1,Workload,Result,10,60106510900,1,60106510900
AwaitBenchmark.AwaitWhenAnyAndCompletedWithThrottling,BenchmarkThrottling,AwaitBenchmark,AwaitWhenAnyAndCompletedWithThrottling,DefaultJob,Default,Default,Default,Default,Default,Default,Default,Default,Default,Default,Default,Default,Default,Default,Default,Default,Default,Default,Default,Default,Default,Default,Default,Default,Default,Default,Default,Default,Default,Default,Default,Default,Default,Default,Default,Default,Default,Default,Default,Default,DefaultJob,,1,Workload,Result,11,60086893000,1,60086893000
AwaitBenchmark.AwaitWhenAnyAndCompletedWithThrottling,BenchmarkThrottling,AwaitBenchmark,AwaitWhenAnyAndCompletedWithThrottling,DefaultJob,Default,Default,Default,Default,Default,Default,Default,Default,Default,Default,Default,Default,Default,Default,Default,Default,Default,Default,Default,Default,Default,Default,Default,Default,Default,Default,Default,Default,Default,Default,Default,Default,Default,Default,Default,Default,Default,Default,Default,Default,DefaultJob,,1,Workload,Result,12,60101925100,1,60101925100
AwaitBenchmark.AwaitWhenAnyAndCompletedWithThrottling,BenchmarkThrottling,AwaitBenchmark,AwaitWhenAnyAndCompletedWithThrottling,DefaultJob,Default,Default,Default,Default,Default,Default,Default,Default,Default,Default,Default,Default,Default,Default,Default,Default,Default,Default,Default,Default,Default,Default,Default,Default,Default,Default,Default,Default,Default,Default,Default,Default,Default,Default,Default,Default,Default,Default,Default,Default,DefaultJob,,1,Workload,Result,13,60092294700,1,60092294700
AwaitBenchmark.AwaitWhenAnyAndCompletedWithThrottling,BenchmarkThrottling,AwaitBenchmark,AwaitWhenAnyAndCompletedWithThrottling,DefaultJob,Default,Default,Default,Default,Default,Default,Default,Default,Default,Default,Default,Default,Default,Default,Default,Default,Default,Default,Default,Default,Default,Default,Default,Default,Default,Default,Default,Default,Default,Default,Default,Default,Default,Default,Default,Default,Default,Default,Default,Default,DefaultJob,,1,Workload,Result,14,60123303800,1,60123303800
AwaitBenchmark.AwaitWhenAnyAndCompletedWithThrottling,BenchmarkThrottling,AwaitBenchmark,AwaitWhenAnyAndCompletedWithThrottling,DefaultJob,Default,Default,Default,Default,Default,Default,Default,Default,Default,Default,Default,Default,Default,Default,Default,Default,Default,Default,Default,Default,Default,Default,Default,Default,Default,Default,Default,Default,Default,Default,Default,Default,Default,Default,Default,Default,Default,Default,Default,Default,DefaultJob,,1,Workload,Result,15,60081466900,1,60081466900
AwaitBenchmark.AwaitWithoutThrottling,BenchmarkThrottling,AwaitBenchmark,AwaitWithoutThrottling,DefaultJob,Default,Default,Default,Default,Default,Default,Default,Default,Default,Default,Default,Default,Default,Default,Default,Default,Default,Default,Default,Default,Default,Default,Default,Default,Default,Default,Default,Default,Default,Default,Default,Default,Default,Default,Default,Default,Default,Default,Default,Default,DefaultJob,,1,Overhead,Jitting,1,242500,1,242500
AwaitBenchmark.AwaitWithoutThrottling,BenchmarkThrottling,AwaitBenchmark,AwaitWithoutThrottling,DefaultJob,Default,Default,Default,Default,Default,Default,Default,Default,Default,Default,Default,Default,Default,Default,Default,Default,Default,Default,Default,Default,Default,Default,Default,Default,Default,Default,Default,Default,Default,Default,Default,Default,Default,Default,Default,Default,Default,Default,Default,Default,DefaultJob,,1,Workload,Jitting,1,10013117600,1,10013117600
AwaitBenchmark.AwaitWithoutThrottling,BenchmarkThrottling,AwaitBenchmark,AwaitWithoutThrottling,DefaultJob,Default,Default,Default,Default,Default,Default,Default,Default,Default,Default,Default,Default,Default,Default,Default,Default,Default,Default,Default,Default,Default,Default,Default,Default,Default,Default,Default,Default,Default,Default,Default,Default,Default,Default,Default,Default,Default,Default,Default,Default,DefaultJob,,1,Workload,Warmup,1,10001725100,1,10001725100
AwaitBenchmark.AwaitWithoutThrottling,BenchmarkThrottling,AwaitBenchmark,AwaitWithoutThrottling,DefaultJob,Default,Default,Default,Default,Default,Default,Default,Default,Default,Default,Default,Default,Default,Default,Default,Default,Default,Default,Default,Default,Default,Default,Default,Default,Default,Default,Default,Default,Default,Default,Default,Default,Default,Default,Default,Default,Default,Default,Default,Default,DefaultJob,,1,Workload,Warmup,2,10011683800,1,10011683800
AwaitBenchmark.AwaitWithoutThrottling,BenchmarkThrottling,AwaitBenchmark,AwaitWithoutThrottling,DefaultJob,Default,Default,Default,Default,Default,Default,Default,Default,Default,Default,Default,Default,Default,Default,Default,Default,Default,Default,Default,Default,Default,Default,Default,Default,Default,Default,Default,Default,Default,Default,Default,Default,Default,Default,Default,Default,Default,Default,Default,Default,DefaultJob,,1,Workload,Warmup,3,10012341100,1,10012341100
AwaitBenchmark.AwaitWithoutThrottling,BenchmarkThrottling,AwaitBenchmark,AwaitWithoutThrottling,DefaultJob,Default,Default,Default,Default,Default,Default,Default,Default,Default,Default,Default,Default,Default,Default,Default,Default,Default,Default,Default,Default,Default,Default,Default,Default,Default,Default,Default,Default,Default,Default,Default,Default,Default,Default,Default,Default,Default,Default,Default,Default,DefaultJob,,1,Workload,Warmup,4,10008386400,1,10008386400
AwaitBenchmark.AwaitWithoutThrottling,BenchmarkThrottling,AwaitBenchmark,AwaitWithoutThrottling,DefaultJob,Default,Default,Default,Default,Default,Default,Default,Default,Default,Default,Default,Default,Default,Default,Default,Default,Default,Default,Default,Default,Default,Default,Default,Default,Default,Default,Default,Default,Default,Default,Default,Default,Default,Default,Default,Default,Default,Default,Default,Default,DefaultJob,,1,Workload,Warmup,5,10007300000,1,10007300000
AwaitBenchmark.AwaitWithoutThrottling,BenchmarkThrottling,AwaitBenchmark,AwaitWithoutThrottling,DefaultJob,Default,Default,Default,Default,Default,Default,Default,Default,Default,Default,Default,Default,Default,Default,Default,Default,Default,Default,Default,Default,Default,Default,Default,Default,Default,Default,Default,Default,Default,Default,Default,Default,Default,Default,Default,Default,Default,Default,Default,Default,DefaultJob,,1,Workload,Warmup,6,10001796400,1,10001796400
AwaitBenchmark.AwaitWithoutThrottling,BenchmarkThrottling,AwaitBenchmark,AwaitWithoutThrottling,DefaultJob,Default,Default,Default,Default,Default,Default,Default,Default,Default,Default,Default,Default,Default,Default,Default,Default,Default,Default,Default,Default,Default,Default,Default,Default,Default,Default,Default,Default,Default,Default,Default,Default,Default,Default,Default,Default,Default,Default,Default,Default,DefaultJob,,1,Workload,Warmup,7,10015163700,1,10015163700
AwaitBenchmark.AwaitWithoutThrottling,BenchmarkThrottling,AwaitBenchmark,AwaitWithoutThrottling,DefaultJob,Default,Default,Default,Default,Default,Default,Default,Default,Default,Default,Default,Default,Default,Default,Default,Default,Default,Default,Default,Default,Default,Default,Default,Default,Default,Default,Default,Default,Default,Default,Default,Default,Default,Default,Default,Default,Default,Default,Default,Default,DefaultJob,,1,Workload,Warmup,8,10000958900,1,10000958900
AwaitBenchmark.AwaitWithoutThrottling,BenchmarkThrottling,AwaitBenchmark,AwaitWithoutThrottling,DefaultJob,Default,Default,Default,Default,Default,Default,Default,Default,Default,Default,Default,Default,Default,Default,Default,Default,Default,Default,Default,Default,Default,Default,Default,Default,Default,Default,Default,Default,Default,Default,Default,Default,Default,Default,Default,Default,Default,Default,Default,Default,DefaultJob,,1,Workload,Actual,1,9999966400,1,9999966400
AwaitBenchmark.AwaitWithoutThrottling,BenchmarkThrottling,AwaitBenchmark,AwaitWithoutThrottling,DefaultJob,Default,Default,Default,Default,Default,Default,Default,Default,Default,Default,Default,Default,Default,Default,Default,Default,Default,Default,Default,Default,Default,Default,Default,Default,Default,Default,Default,Default,Default,Default,Default,Default,Default,Default,Default,Default,Default,Default,Default,Default,DefaultJob,,1,Workload,Actual,2,10001278400,1,10001278400
AwaitBenchmark.AwaitWithoutThrottling,BenchmarkThrottling,AwaitBenchmark,AwaitWithoutThrottling,DefaultJob,Default,Default,Default,Default,Default,Default,Default,Default,Default,Default,Default,Default,Default,Default,Default,Default,Default,Default,Default,Default,Default,Default,Default,Default,Default,Default,Default,Default,Default,Default,Default,Default,Default,Default,Default,Default,Default,Default,Default,Default,DefaultJob,,1,Workload,Actual,3,10019671800,1,10019671800
AwaitBenchmark.AwaitWithoutThrottling,BenchmarkThrottling,AwaitBenchmark,AwaitWithoutThrottling,DefaultJob,Default,Default,Default,Default,Default,Default,Default,Default,Default,Default,Default,Default,Default,Default,Default,Default,Default,Default,Default,Default,Default,Default,Default,Default,Default,Default,Default,Default,Default,Default,Default,Default,Default,Default,Default,Default,Default,Default,Default,Default,DefaultJob,,1,Workload,Actual,4,10002579200,1,10002579200
AwaitBenchmark.AwaitWithoutThrottling,BenchmarkThrottling,AwaitBenchmark,AwaitWithoutThrottling,DefaultJob,Default,Default,Default,Default,Default,Default,Default,Default,Default,Default,Default,Default,Default,Default,Default,Default,Default,Default,Default,Default,Default,Default,Default,Default,Default,Default,Default,Default,Default,Default,Default,Default,Default,Default,Default,Default,Default,Default,Default,Default,DefaultJob,,1,Workload,Actual,5,10000764500,1,10000764500
AwaitBenchmark.AwaitWithoutThrottling,BenchmarkThrottling,AwaitBenchmark,AwaitWithoutThrottling,DefaultJob,Default,Default,Default,Default,Default,Default,Default,Default,Default,Default,Default,Default,Default,Default,Default,Default,Default,Default,Default,Default,Default,Default,Default,Default,Default,Default,Default,Default,Default,Default,Default,Default,Default,Default,Default,Default,Default,Default,Default,Default,DefaultJob,,1,Workload,Actual,6,10000745400,1,10000745400
AwaitBenchmark.AwaitWithoutThrottling,BenchmarkThrottling,AwaitBenchmark,AwaitWithoutThrottling,DefaultJob,Default,Default,Default,Default,Default,Default,Default,Default,Default,Default,Default,Default,Default,Default,Default,Default,Default,Default,Default,Default,Default,Default,Default,Default,Default,Default,Default,Default,Default,Default,Default,Default,Default,Default,Default,Default,Default,Default,Default,Default,DefaultJob,,1,Workload,Actual,7,10000759700,1,10000759700
AwaitBenchmark.AwaitWithoutThrottling,BenchmarkThrottling,AwaitBenchmark,AwaitWithoutThrottling,DefaultJob,Default,Default,Default,Default,Default,Default,Default,Default,Default,Default,Default,Default,Default,Default,Default,Default,Default,Default,Default,Default,Default,Default,Default,Default,Default,Default,Default,Default,Default,Default,Default,Default,Default,Default,Default,Default,Default,Default,Default,Default,DefaultJob,,1,Workload,Actual,8,10001279500,1,10001279500
AwaitBenchmark.AwaitWithoutThrottling,BenchmarkThrottling,AwaitBenchmark,AwaitWithoutThrottling,DefaultJob,Default,Default,Default,Default,Default,Default,Default,Default,Default,Default,Default,Default,Default,Default,Default,Default,Default,Default,Default,Default,Default,Default,Default,Default,Default,Default,Default,Default,Default,Default,Default,Default,Default,Default,Default,Default,Default,Default,Default,Default,DefaultJob,,1,Workload,Actual,9,10020165600,1,10020165600
AwaitBenchmark.AwaitWithoutThrottling,BenchmarkThrottling,AwaitBenchmark,AwaitWithoutThrottling,DefaultJob,Default,Default,Default,Default,Default,Default,Default,Default,Default,Default,Default,Default,Default,Default,Default,Default,Default,Default,Default,Default,Default,Default,Default,Default,Default,Default,Default,Default,Default,Default,Default,Default,Default,Default,Default,Default,Default,Default,Default,Default,DefaultJob,,1,Workload,Actual,10,10015420900,1,10015420900
AwaitBenchmark.AwaitWithoutThrottling,BenchmarkThrottling,AwaitBenchmark,AwaitWithoutThrottling,DefaultJob,Default,Default,Default,Default,Default,Default,Default,Default,Default,Default,Default,Default,Default,Default,Default,Default,Default,Default,Default,Default,Default,Default,Default,Default,Default,Default,Default,Default,Default,Default,Default,Default,Default,Default,Default,Default,Default,Default,Default,Default,DefaultJob,,1,Workload,Actual,11,10001697900,1,10001697900
AwaitBenchmark.AwaitWithoutThrottling,BenchmarkThrottling,AwaitBenchmark,AwaitWithoutThrottling,DefaultJob,Default,Default,Default,Default,Default,Default,Default,Default,Default,Default,Default,Default,Default,Default,Default,Default,Default,Default,Default,Default,Default,Default,Default,Default,Default,Default,Default,Default,Default,Default,Default,Default,Default,Default,Default,Default,Default,Default,Default,Default,DefaultJob,,1,Workload,Actual,12,10001250200,1,10001250200
AwaitBenchmark.AwaitWithoutThrottling,BenchmarkThrottling,AwaitBenchmark,AwaitWithoutThrottling,DefaultJob,Default,Default,Default,Default,Default,Default,Default,Default,Default,Default,Default,Default,Default,Default,Default,Default,Default,Default,Default,Default,Default,Default,Default,Default,Default,Default,Default,Default,Default,Default,Default,Default,Default,Default,Default,Default,Default,Default,Default,Default,DefaultJob,,1,Workload,Actual,13,10008919400,1,10008919400
AwaitBenchmark.AwaitWithoutThrottling,BenchmarkThrottling,AwaitBenchmark,AwaitWithoutThrottling,DefaultJob,Default,Default,Default,Default,Default,Default,Default,Default,Default,Default,Default,Default,Default,Default,Default,Default,Default,Default,Default,Default,Default,Default,Default,Default,Default,Default,Default,Default,Default,Default,Default,Default,Default,Default,Default,Default,Default,Default,Default,Default,DefaultJob,,1,Workload,Actual,14,10002661100,1,10002661100
AwaitBenchmark.AwaitWithoutThrottling,BenchmarkThrottling,AwaitBenchmark,AwaitWithoutThrottling,DefaultJob,Default,Default,Default,Default,Default,Default,Default,Default,Default,Default,Default,Default,Default,Default,Default,Default,Default,Default,Default,Default,Default,Default,Default,Default,Default,Default,Default,Default,Default,Default,Default,Default,Default,Default,Default,Default,Default,Default,Default,Default,DefaultJob,,1,Workload,Actual,15,10015372100,1,10015372100
AwaitBenchmark.AwaitWithoutThrottling,BenchmarkThrottling,AwaitBenchmark,AwaitWithoutThrottling,DefaultJob,Default,Default,Default,Default,Default,Default,Default,Default,Default,Default,Default,Default,Default,Default,Default,Default,Default,Default,Default,Default,Default,Default,Default,Default,Default,Default,Default,Default,Default,Default,Default,Default,Default,Default,Default,Default,Default,Default,Default,Default,DefaultJob,,1,Workload,Result,1,9999966400,1,9999966400
AwaitBenchmark.AwaitWithoutThrottling,BenchmarkThrottling,AwaitBenchmark,AwaitWithoutThrottling,DefaultJob,Default,Default,Default,Default,Default,Default,Default,Default,Default,Default,Default,Default,Default,Default,Default,Default,Default,Default,Default,Default,Default,Default,Default,Default,Default,Default,Default,Default,Default,Default,Default,Default,Default,Default,Default,Default,Default,Default,Default,Default,DefaultJob,,1,Workload,Result,2,10001278400,1,10001278400
AwaitBenchmark.AwaitWithoutThrottling,BenchmarkThrottling,AwaitBenchmark,AwaitWithoutThrottling,DefaultJob,Default,Default,Default,Default,Default,Default,Default,Default,Default,Default,Default,Default,Default,Default,Default,Default,Default,Default,Default,Default,Default,Default,Default,Default,Default,Default,Default,Default,Default,Default,Default,Default,Default,Default,Default,Default,Default,Default,Default,Default,DefaultJob,,1,Workload,Result,3,10019671800,1,10019671800
AwaitBenchmark.AwaitWithoutThrottling,BenchmarkThrottling,AwaitBenchmark,AwaitWithoutThrottling,DefaultJob,Default,Default,Default,Default,Default,Default,Default,Default,Default,Default,Default,Default,Default,Default,Default,Default,Default,Default,Default,Default,Default,Default,Default,Default,Default,Default,Default,Default,Default,Default,Default,Default,Default,Default,Default,Default,Default,Default,Default,Default,DefaultJob,,1,Workload,Result,4,10002579200,1,10002579200
AwaitBenchmark.AwaitWithoutThrottling,BenchmarkThrottling,AwaitBenchmark,AwaitWithoutThrottling,DefaultJob,Default,Default,Default,Default,Default,Default,Default,Default,Default,Default,Default,Default,Default,Default,Default,Default,Default,Default,Default,Default,Default,Default,Default,Default,Default,Default,Default,Default,Default,Default,Default,Default,Default,Default,Default,Default,Default,Default,Default,Default,DefaultJob,,1,Workload,Result,5,10000764500,1,10000764500
AwaitBenchmark.AwaitWithoutThrottling,BenchmarkThrottling,AwaitBenchmark,AwaitWithoutThrottling,DefaultJob,Default,Default,Default,Default,Default,Default,Default,Default,Default,Default,Default,Default,Default,Default,Default,Default,Default,Default,Default,Default,Default,Default,Default,Default,Default,Default,Default,Default,Default,Default,Default,Default,Default,Default,Default,Default,Default,Default,Default,Default,DefaultJob,,1,Workload,Result,6,10000745400,1,10000745400
AwaitBenchmark.AwaitWithoutThrottling,BenchmarkThrottling,AwaitBenchmark,AwaitWithoutThrottling,DefaultJob,Default,Default,Default,Default,Default,Default,Default,Default,Default,Default,Default,Default,Default,Default,Default,Default,Default,Default,Default,Default,Default,Default,Default,Default,Default,Default,Default,Default,Default,Default,Default,Default,Default,Default,Default,Default,Default,Default,Default,Default,DefaultJob,,1,Workload,Result,7,10000759700,1,10000759700
AwaitBenchmark.AwaitWithoutThrottling,BenchmarkThrottling,AwaitBenchmark,AwaitWithoutThrottling,DefaultJob,Default,Default,Default,Default,Default,Default,Default,Default,Default,Default,Default,Default,Default,Default,Default,Default,Default,Default,Default,Default,Default,Default,Default,Default,Default,Default,Default,Default,Default,Default,Default,Default,Default,Default,Default,Default,Default,Default,Default,Default,DefaultJob,,1,Workload,Result,8,10001279500,1,10001279500
AwaitBenchmark.AwaitWithoutThrottling,BenchmarkThrottling,AwaitBenchmark,AwaitWithoutThrottling,DefaultJob,Default,Default,Default,Default,Default,Default,Default,Default,Default,Default,Default,Default,Default,Default,Default,Default,Default,Default,Default,Default,Default,Default,Default,Default,Default,Default,Default,Default,Default,Default,Default,Default,Default,Default,Default,Default,Default,Default,Default,Default,DefaultJob,,1,Workload,Result,9,10020165600,1,10020165600
AwaitBenchmark.AwaitWithoutThrottling,BenchmarkThrottling,AwaitBenchmark,AwaitWithoutThrottling,DefaultJob,Default,Default,Default,Default,Default,Default,Default,Default,Default,Default,Default,Default,Default,Default,Default,Default,Default,Default,Default,Default,Default,Default,Default,Default,Default,Default,Default,Default,Default,Default,Default,Default,Default,Default,Default,Default,Default,Default,Default,Default,DefaultJob,,1,Workload,Result,10,10015420900,1,10015420900
AwaitBenchmark.AwaitWithoutThrottling,BenchmarkThrottling,AwaitBenchmark,AwaitWithoutThrottling,DefaultJob,Default,Default,Default,Default,Default,Default,Default,Default,Default,Default,Default,Default,Default,Default,Default,Default,Default,Default,Default,Default,Default,Default,Default,Default,Default,Default,Default,Default,Default,Default,Default,Default,Default,Default,Default,Default,Default,Default,Default,Default,DefaultJob,,1,Workload,Result,11,10001697900,1,10001697900
AwaitBenchmark.AwaitWithoutThrottling,BenchmarkThrottling,AwaitBenchmark,AwaitWithoutThrottling,DefaultJob,Default,Default,Default,Default,Default,Default,Default,Default,Default,Default,Default,Default,Default,Default,Default,Default,Default,Default,Default,Default,Default,Default,Default,Default,Default,Default,Default,Default,Default,Default,Default,Default,Default,Default,Default,Default,Default,Default,Default,Default,DefaultJob,,1,Workload,Result,12,10001250200,1,10001250200
AwaitBenchmark.AwaitWithoutThrottling,BenchmarkThrottling,AwaitBenchmark,AwaitWithoutThrottling,DefaultJob,Default,Default,Default,Default,Default,Default,Default,Default,Default,Default,Default,Default,Default,Default,Default,Default,Default,Default,Default,Default,Default,Default,Default,Default,Default,Default,Default,Default,Default,Default,Default,Default,Default,Default,Default,Default,Default,Default,Default,Default,DefaultJob,,1,Workload,Result,13,10008919400,1,10008919400
AwaitBenchmark.AwaitWithoutThrottling,BenchmarkThrottling,AwaitBenchmark,AwaitWithoutThrottling,DefaultJob,Default,Default,Default,Default,Default,Default,Default,Default,Default,Default,Default,Default,Default,Default,Default,Default,Default,Default,Default,Default,Default,Default,Default,Default,Default,Default,Default,Default,Default,Default,Default,Default,Default,Default,Default,Default,Default,Default,Default,Default,DefaultJob,,1,Workload,Result,14,10002661100,1,10002661100
AwaitBenchmark.AwaitWithoutThrottling,BenchmarkThrottling,AwaitBenchmark,AwaitWithoutThrottling,DefaultJob,Default,Default,Default,Default,Default,Default,Default,Default,Default,Default,Default,Default,Default,Default,Default,Default,Default,Default,Default,Default,Default,Default,Default,Default,Default,Default,Default,Default,Default,Default,Default,Default,Default,Default,Default,Default,Default,Default,Default,Default,DefaultJob,,1,Workload,Result,15,10015372100,1,10015372100
